dataset,architecture,test_rmse,test_mae,test_r2,epochs
Set1_Temporal,Simple_LSTM,7.061537523844018,5.11325667764744,-1.151728014900864,73
Set2_Trend,Simple_LSTM,5.761736790893786,4.048396611360718,-0.4325034003794972,45
Set1_Temporal,Stacked_LSTM,6.870166421214563,5.691319470381745,-1.0366825699961493,54
Set2_Trend,Stacked_LSTM,9.325142090310708,8.177889539571616,-2.7523189607571896,64
